Country,years,Temperature,year_id,subregion_id
Southern Europe,1969-1975,-0.013,1,1
Western Europe,1969-1975,-0.126,1,4
Western Europe,1969-1975,0.1592645502645502,1,4
Southern Europe,1969-1975,0.1592645502645502,1,1
Eastern Europe,1969-1975,-0.485,1,3
Southern Europe,1969-1975,0.165,1,1
Northern Europe,1969-1975,-0.135,1,2
Northern Europe,1969-1975,-0.478,1,2
Western Europe,1969-1975,0.024,1,4
Western Europe,1969-1975,-0.111,1,4
Southern Europe,1969-1975,-0.09,1,1
Northern Europe,1969-1975,-0.9,1,2
Northern Europe,1969-1975,-0.265,1,2
Southern Europe,1969-1975,-0.107,1,1
Northern Europe,1969-1975,0.1592645502645502,1,2
Western Europe,1969-1975,-0.015,1,4
Northern Europe,1969-1975,0.1592645502645502,1,2
Western Europe,1969-1975,0.1592645502645502,1,4
Southern Europe,1969-1975,-0.129,1,1
Western Europe,1969-1975,-0.228,1,4
Northern Europe,1969-1975,-0.173,1,2
Southern Europe,1969-1975,-0.342,1,1
Eastern Europe,1969-1975,-0.589,1,3
Southern Europe,1969-1975,-0.285,1,1
Northern Europe,1969-1975,-0.207,1,2
Western Europe,1969-1975,-0.079,1,4
Eastern Europe,1969-1975,0.1592645502645502,1,3
Northern Europe,1969-1975,-0.213,1,2
Southern Europe,1969-1975,-0.106,1,1
Western Europe,1969-1975,-0.55,1,4
Western Europe,1969-1975,0.0921808510638297,1,4
Southern Europe,1969-1975,0.0921808510638297,1,1
Eastern Europe,1969-1975,0.205,1,3
Southern Europe,1969-1975,0.495,1,1
Northern Europe,1969-1975,-1.204,1,2
Northern Europe,1969-1975,-0.629,1,2
Western Europe,1969-1975,-0.092,1,4
Western Europe,1969-1975,-0.832,1,4
Southern Europe,1969-1975,0.269,1,1
Northern Europe,1969-1975,-0.617,1,2
Northern Europe,1969-1975,0.06,1,2
Southern Europe,1969-1975,-0.153,1,1
Northern Europe,1969-1975,0.0921808510638297,1,2
Western Europe,1969-1975,-0.553,1,4
Northern Europe,1969-1975,0.0921808510638297,1,2
Western Europe,1969-1975,0.0921808510638297,1,4
Southern Europe,1969-1975,-0.144,1,1
Western Europe,1969-1975,-0.017,1,4
Northern Europe,1969-1975,-0.695,1,2
Southern Europe,1969-1975,0.071,1,1
Eastern Europe,1969-1975,-0.053,1,3
Southern Europe,1969-1975,0.131,1,1
Northern Europe,1969-1975,-1.098,1,2
Western Europe,1969-1975,-0.486,1,4
Eastern Europe,1969-1975,0.0921808510638297,1,3
Northern Europe,1969-1975,-0.076,1,2
Southern Europe,1969-1975,-0.195,1,1
Western Europe,1969-1975,-0.06,1,4
Western Europe,1969-1975,-0.201078947368421,1,4
Southern Europe,1969-1975,-0.201078947368421,1,1
Eastern Europe,1969-1975,-0.139,1,3
Southern Europe,1969-1975,-0.256,1,1
Northern Europe,1969-1975,0.261,1,2
Northern Europe,1969-1975,-0.452,1,2
Western Europe,1969-1975,-0.161,1,4
Western Europe,1969-1975,0.032,1,4
Southern Europe,1969-1975,-0.222,1,1
Northern Europe,1969-1975,-0.005,1,2
Northern Europe,1969-1975,0.342,1,2
Southern Europe,1969-1975,-0.149,1,1
Northern Europe,1969-1975,-0.201078947368421,1,2
Western Europe,1969-1975,-0.078,1,4
Northern Europe,1969-1975,-0.201078947368421,1,2
Western Europe,1969-1975,-0.201078947368421,1,4
Southern Europe,1969-1975,-0.272,1,1
Western Europe,1969-1975,0.002,1,4
Northern Europe,1969-1975,-0.079,1,2
Southern Europe,1969-1975,-0.87,1,1
Eastern Europe,1969-1975,-0.021,1,3
Southern Europe,1969-1975,-0.741,1,1
Northern Europe,1969-1975,0.03,1,2
Western Europe,1969-1975,-0.069,1,4
Eastern Europe,1969-1975,-0.201078947368421,1,3
Northern Europe,1969-1975,0.254,1,2
Southern Europe,1969-1975,-0.069,1,1
Western Europe,1969-1975,0.103,1,4
Western Europe,1969-1975,-0.0843089005235602,1,4
Southern Europe,1969-1975,-0.0843089005235602,1,1
Eastern Europe,1969-1975,0.136,1,3
Southern Europe,1969-1975,-0.625,1,1
Northern Europe,1969-1975,0.289,1,2
Northern Europe,1969-1975,0.933,1,2
Western Europe,1969-1975,-0.325,1,4
Western Europe,1969-1975,-0.014,1,4
Southern Europe,1969-1975,-0.177,1,1
Northern Europe,1969-1975,0.777,1,2
Northern Europe,1969-1975,-0.268,1,2
Southern Europe,1969-1975,-0.132,1,1
Northern Europe,1969-1975,-0.0843089005235602,1,2
Western Europe,1969-1975,0.077,1,4
Northern Europe,1969-1975,-0.0843089005235602,1,2
Western Europe,1969-1975,-0.0843089005235602,1,4
Southern Europe,1969-1975,-0.294,1,1
Western Europe,1969-1975,-0.114,1,4
Northern Europe,1969-1975,0.931,1,2
Southern Europe,1969-1975,-0.906,1,1
Eastern Europe,1969-1975,0.382,1,3
Southern Europe,1969-1975,-0.825,1,1
Northern Europe,1969-1975,0.791,1,2
Western Europe,1969-1975,-0.061,1,4
Eastern Europe,1969-1975,-0.0843089005235602,1,3
Northern Europe,1969-1975,-0.055,1,2
Southern Europe,1969-1975,-0.288,1,1
Western Europe,1969-1975,-0.033,1,4
Western Europe,1969-1975,0.2291614583333333,1,4
Southern Europe,1969-1975,0.2291614583333333,1,1
Eastern Europe,1969-1975,-0.426,1,3
Southern Europe,1969-1975,-0.379,1,1
Northern Europe,1969-1975,0.67,1,2
Northern Europe,1969-1975,1.138,1,2
Western Europe,1969-1975,0.059,1,4
Western Europe,1969-1975,0.188,1,4
Southern Europe,1969-1975,-0.357,1,1
Northern Europe,1969-1975,-0.099,1,2
Northern Europe,1969-1975,0.362,1,2
Southern Europe,1969-1975,0.034,1,1
Northern Europe,1969-1975,0.2291614583333333,1,2
Western Europe,1969-1975,-0.024,1,4
Northern Europe,1969-1975,0.2291614583333333,1,2
Western Europe,1969-1975,0.2291614583333333,1,4
Southern Europe,1969-1975,-0.003,1,1
Western Europe,1969-1975,0.288,1,4
Northern Europe,1969-1975,0.918,1,2
Southern Europe,1969-1975,-0.063,1,1
Eastern Europe,1969-1975,-0.22,1,3
Southern Europe,1969-1975,-0.164,1,1
Northern Europe,1969-1975,1.145,1,2
Western Europe,1969-1975,-0.056,1,4
Eastern Europe,1969-1975,0.2291614583333333,1,3
Northern Europe,1969-1975,0.203,1,2
Southern Europe,1969-1975,-0.139,1,1
Western Europe,1969-1975,0.314,1,4
Western Europe,1969-1975,-0.1629371727748691,1,4
Southern Europe,1969-1975,-0.1629371727748691,1,1
Eastern Europe,1969-1975,-0.198,1,3
Southern Europe,1969-1975,-0.177,1,1
Northern Europe,1969-1975,0.58,1,2
Northern Europe,1969-1975,1.121,1,2
Western Europe,1969-1975,-0.081,1,4
Western Europe,1969-1975,0.318,1,4
Southern Europe,1969-1975,-0.193,1,1
Northern Europe,1969-1975,0.522,1,2
Northern Europe,1969-1975,-0.211,1,2
Southern Europe,1969-1975,-0.115,1,1
Northern Europe,1969-1975,-0.1629371727748691,1,2
Western Europe,1969-1975,0.177,1,4
Northern Europe,1969-1975,-0.1629371727748691,1,2
Western Europe,1969-1975,-0.1629371727748691,1,4
Southern Europe,1969-1975,-0.251,1,1
Western Europe,1969-1975,-0.086,1,4
Northern Europe,1969-1975,0.969,1,2
Southern Europe,1969-1975,-0.439,1,1
Eastern Europe,1969-1975,-0.097,1,3
Southern Europe,1969-1975,-0.434,1,1
Northern Europe,1969-1975,0.935,1,2
Western Europe,1969-1975,0.089,1,4
Eastern Europe,1969-1975,-0.1629371727748691,1,3
Northern Europe,1969-1975,-0.062,1,2
Southern Europe,1969-1975,-0.211,1,1
Western Europe,1969-1975,0.86,1,4
Western Europe,1969-1975,-0.024090909090909,1,4
Southern Europe,1969-1975,-0.024090909090909,1,1
Eastern Europe,1969-1975,0.39,1,3
Southern Europe,1969-1975,-0.225,1,1
Northern Europe,1969-1975,1.335,1,2
Northern Europe,1969-1975,1.893,1,2
Western Europe,1969-1975,0.483,1,4
Western Europe,1969-1975,1.099,1,4
Southern Europe,1969-1975,-0.25,1,1
Northern Europe,1969-1975,-0.42,1,2
Northern Europe,1969-1975,0.701,1,2
Southern Europe,1969-1975,0.075,1,1
Northern Europe,1969-1975,-0.024090909090909,1,2
Western Europe,1969-1975,0.68,1,4
Northern Europe,1969-1975,-0.024090909090909,1,2
Western Europe,1969-1975,-0.024090909090909,1,4
Southern Europe,1969-1975,-0.383,1,1
Western Europe,1969-1975,0.195,1,4
Northern Europe,1969-1975,1.058,1,2
Southern Europe,1969-1975,-0.09,1,1
Eastern Europe,1969-1975,0.806,1,3
Southern Europe,1969-1975,-0.091,1,1
Northern Europe,1969-1975,1.574,1,2
Western Europe,1969-1975,0.622,1,4
Eastern Europe,1969-1975,-0.024090909090909,1,3
Northern Europe,1969-1975,0.604,1,2
Southern Europe,1976-1980,-0.683,2,1
Western Europe,1976-1980,0.216,2,4
Western Europe,1976-1980,-0.2455531914893617,2,4
Southern Europe,1976-1980,-0.2455531914893617,2,1
Eastern Europe,1976-1980,-0.838,2,3
Southern Europe,1976-1980,-0.713,2,1
Northern Europe,1976-1980,0.301,2,2
Northern Europe,1976-1980,-0.877,2,2
Western Europe,1976-1980,0.368,2,4
Western Europe,1976-1980,0.47,2,4
Southern Europe,1976-1980,-0.916,2,1
Northern Europe,1976-1980,0.377,2,2
Northern Europe,1976-1980,0.561,2,2
Southern Europe,1976-1980,-0.32,2,1
Northern Europe,1976-1980,-0.2455531914893617,2,2
Western Europe,1976-1980,0.293,2,4
Northern Europe,1976-1980,-0.2455531914893617,2,2
Western Europe,1976-1980,-0.2455531914893617,2,4
Southern Europe,1976-1980,-0.706,2,1
Western Europe,1976-1980,0.044,2,4
Northern Europe,1976-1980,-0.041,2,2
Southern Europe,1976-1980,-0.357,2,1
Eastern Europe,1976-1980,-0.806,2,3
Southern Europe,1976-1980,-0.367,2,1
Northern Europe,1976-1980,-0.11,2,2
Western Europe,1976-1980,0.367,2,4
Eastern Europe,1976-1980,-0.2455531914893617,2,3
Northern Europe,1976-1980,0.729,2,2
Southern Europe,1976-1980,0.545,2,1
Western Europe,1976-1980,0.499,2,4
Western Europe,1976-1980,0.1652554347826086,2,4
Southern Europe,1976-1980,0.1652554347826086,2,1
Eastern Europe,1976-1980,0.563,2,3
Southern Europe,1976-1980,0.15,2,1
Northern Europe,1976-1980,-0.014,2,2
Northern Europe,1976-1980,-0.227,2,2
Western Europe,1976-1980,0.015,2,4
Western Europe,1976-1980,0.283,2,4
Southern Europe,1976-1980,0.33,2,1
Northern Europe,1976-1980,-0.258,2,2
Northern Europe,1976-1980,-0.279,2,2
Southern Europe,1976-1980,0.283,2,1
Northern Europe,1976-1980,0.1652554347826086,2,2
Western Europe,1976-1980,0.272,2,4
Northern Europe,1976-1980,0.1652554347826086,2,2
Western Europe,1976-1980,0.1652554347826086,2,4
Southern Europe,1976-1980,0.304,2,1
Western Europe,1976-1980,-0.039,2,4
Northern Europe,1976-1980,-0.552,2,2
Southern Europe,1976-1980,-0.272,2,1
Eastern Europe,1976-1980,0.536,2,3
Southern Europe,1976-1980,-0.16,2,1
Northern Europe,1976-1980,-0.466,2,2
Western Europe,1976-1980,0.172,2,4
Eastern Europe,1976-1980,0.1652554347826086,2,3
Northern Europe,1976-1980,-0.323,2,2
Southern Europe,1976-1980,-0.814,2,1
Western Europe,1976-1980,-0.476,2,4
Western Europe,1976-1980,0.0699946808510638,2,4
Southern Europe,1976-1980,0.0699946808510638,2,1
Eastern Europe,1976-1980,-0.71,2,3
Southern Europe,1976-1980,-0.028,2,1
Northern Europe,1976-1980,0.145,2,2
Northern Europe,1976-1980,-0.526,2,2
Western Europe,1976-1980,-0.216,2,4
Western Europe,1976-1980,-0.173,2,4
Southern Europe,1976-1980,-0.555,2,1
Northern Europe,1976-1980,0.054,2,2
Northern Europe,1976-1980,0.257,2,2
Southern Europe,1976-1980,-0.537,2,1
Northern Europe,1976-1980,0.0699946808510638,2,2
Western Europe,1976-1980,-0.354,2,4
Northern Europe,1976-1980,0.0699946808510638,2,2
Western Europe,1976-1980,0.0699946808510638,2,4
Southern Europe,1976-1980,-0.602,2,1
Western Europe,1976-1980,-0.403,2,4
Northern Europe,1976-1980,-0.101,2,2
Southern Europe,1976-1980,0.167,2,1
Eastern Europe,1976-1980,-0.828,2,3
Southern Europe,1976-1980,0.101,2,1
Northern Europe,1976-1980,-0.075,2,2
Western Europe,1976-1980,-0.362,2,4
Eastern Europe,1976-1980,0.0699946808510638,2,3
Northern Europe,1976-1980,0.07,2,2
Southern Europe,1976-1980,0.203,2,1
Western Europe,1976-1980,-0.112,2,4
Western Europe,1976-1980,0.2338404255319149,2,4
Southern Europe,1976-1980,0.2338404255319149,2,1
Eastern Europe,1976-1980,0.165,2,3
Southern Europe,1976-1980,0.607,2,1
Northern Europe,1976-1980,-1.191,2,2
Northern Europe,1976-1980,-0.755,2,2
Western Europe,1976-1980,-0.187,2,4
Western Europe,1976-1980,-0.64,2,4
Southern Europe,1976-1980,0.179,2,1
Northern Europe,1976-1980,-1.239,2,2
Northern Europe,1976-1980,-0.687,2,2
Southern Europe,1976-1980,0.022,2,1
Northern Europe,1976-1980,0.2338404255319149,2,2
Western Europe,1976-1980,-0.081,2,4
Northern Europe,1976-1980,0.2338404255319149,2,2
Western Europe,1976-1980,0.2338404255319149,2,4
Southern Europe,1976-1980,0.036,2,1
Western Europe,1976-1980,-0.018,2,4
Northern Europe,1976-1980,-1.07,2,2
Southern Europe,1976-1980,0.169,2,1
Eastern Europe,1976-1980,0.156,2,3
Southern Europe,1976-1980,0.276,2,1
Northern Europe,1976-1980,-1.091,2,2
Western Europe,1976-1980,-0.063,2,4
Eastern Europe,1976-1980,0.2338404255319149,2,3
Northern Europe,1976-1980,-0.781,2,2
Southern Europe,1976-1980,-0.414,2,1
Western Europe,1976-1980,-0.274,2,4
Western Europe,1976-1980,0.2468421052631579,2,4
Southern Europe,1976-1980,0.2468421052631579,2,1
Eastern Europe,1976-1980,-0.448,2,3
Southern Europe,1976-1980,-0.295,2,1
Northern Europe,1976-1980,-0.441,2,2
Northern Europe,1976-1980,-0.38,2,2
Western Europe,1976-1980,-0.217,2,4
Western Europe,1976-1980,-0.186,2,4
Southern Europe,1976-1980,-0.379,2,1
Northern Europe,1976-1980,0.407,2,2
Northern Europe,1976-1980,-0.057,2,2
Southern Europe,1976-1980,-0.421,2,1
Northern Europe,1976-1980,0.2468421052631579,2,2
Western Europe,1976-1980,-0.159,2,4
Northern Europe,1976-1980,0.2468421052631579,2,2
Western Europe,1976-1980,0.2468421052631579,2,4
Southern Europe,1976-1980,-0.504,2,1
Western Europe,1976-1980,-0.353,2,4
Northern Europe,1976-1980,-0.313,2,2
Southern Europe,1976-1980,0.282,2,1
Eastern Europe,1976-1980,-0.639,2,3
Southern Europe,1976-1980,0.186,2,1
Northern Europe,1976-1980,-0.569,2,2
Western Europe,1976-1980,-0.194,2,4
Eastern Europe,1976-1980,0.2468421052631579,2,3
Northern Europe,1976-1980,-0.022,2,2
Southern Europe,1981-1986,-0.351,3,1
Western Europe,1981-1986,0.277,3,4
Western Europe,1981-1986,0.1772526315789473,3,4
Southern Europe,1981-1986,0.1772526315789473,3,1
Eastern Europe,1981-1986,-0.043,3,3
Southern Europe,1981-1986,0.088,3,1
Northern Europe,1981-1986,0.3,3,2
Northern Europe,1981-1986,-0.24,3,2
Western Europe,1981-1986,0.097,3,4
Western Europe,1981-1986,0.296,3,4
Southern Europe,1981-1986,-0.191,3,1
Northern Europe,1981-1986,-0.909,3,2
Northern Europe,1981-1986,0.377,3,2
Southern Europe,1981-1986,-0.279,3,1
Northern Europe,1981-1986,0.1772526315789473,3,2
Western Europe,1981-1986,0.045,3,4
Northern Europe,1981-1986,0.1772526315789473,3,2
Western Europe,1981-1986,0.1772526315789473,3,4
Southern Europe,1981-1986,-0.344,3,1
Western Europe,1981-1986,-0.083,3,4
Northern Europe,1981-1986,-0.494,3,2
Southern Europe,1981-1986,0.546,3,1
Eastern Europe,1981-1986,0.043,3,3
Southern Europe,1981-1986,0.344,3,1
Northern Europe,1981-1986,-0.228,3,2
Western Europe,1981-1986,-0.016,3,4
Eastern Europe,1981-1986,0.1772526315789473,3,3
Northern Europe,1981-1986,0.176,3,2
Southern Europe,1981-1986,0.173,3,1
Western Europe,1981-1986,0.384,3,4
Western Europe,1981-1986,0.1769685863874345,3,4
Southern Europe,1981-1986,0.1769685863874345,3,1
Eastern Europe,1981-1986,-0.13,3,3
Southern Europe,1981-1986,-0.337,3,1
Northern Europe,1981-1986,0.002,3,2
Northern Europe,1981-1986,-0.155,3,2
Western Europe,1981-1986,0.812,3,4
Western Europe,1981-1986,0.439,3,4
Southern Europe,1981-1986,-0.243,3,1
Northern Europe,1981-1986,-0.258,3,2
Northern Europe,1981-1986,0.154,3,2
Southern Europe,1981-1986,0.511,3,1
Northern Europe,1981-1986,0.1769685863874345,3,2
Western Europe,1981-1986,0.544,3,4
Northern Europe,1981-1986,0.1769685863874345,3,2
Western Europe,1981-1986,0.1769685863874345,3,4
Southern Europe,1981-1986,0.623,3,1
Western Europe,1981-1986,0.55,3,4
Northern Europe,1981-1986,-0.054,3,2
Southern Europe,1981-1986,0.56,3,1
Eastern Europe,1981-1986,-0.058,3,3
Southern Europe,1981-1986,0.709,3,1
Northern Europe,1981-1986,-0.134,3,2
Western Europe,1981-1986,0.579,3,4
Eastern Europe,1981-1986,0.1769685863874345,3,3
Northern Europe,1981-1986,0.118,3,2
Southern Europe,1981-1986,-0.128,3,1
Western Europe,1981-1986,1.062,3,4
Western Europe,1981-1986,0.343984126984127,3,4
Southern Europe,1981-1986,0.343984126984127,3,1
Eastern Europe,1981-1986,0.389,3,3
Southern Europe,1981-1986,-0.805,3,1
Northern Europe,1981-1986,1.06,3,2
Northern Europe,1981-1986,0.964,3,2
Western Europe,1981-1986,0.721,3,4
Western Europe,1981-1986,1.071,3,4
Southern Europe,1981-1986,-0.493,3,1
Northern Europe,1981-1986,-0.863,3,2
Northern Europe,1981-1986,0.408,3,2
Southern Europe,1981-1986,0.384,3,1
Northern Europe,1981-1986,0.343984126984127,3,2
Western Europe,1981-1986,0.942,3,4
Northern Europe,1981-1986,0.343984126984127,3,2
Western Europe,1981-1986,0.343984126984127,3,4
Southern Europe,1981-1986,0.037,3,1
Western Europe,1981-1986,0.494,3,4
Northern Europe,1981-1986,0.633,3,2
Southern Europe,1981-1986,0.286,3,1
Eastern Europe,1981-1986,0.837,3,3
Southern Europe,1981-1986,0.55,3,1
Northern Europe,1981-1986,0.911,3,2
Western Europe,1981-1986,0.869,3,4
Eastern Europe,1981-1986,0.343984126984127,3,3
Northern Europe,1981-1986,0.348,3,2
Southern Europe,1981-1986,-0.27,3,1
Western Europe,1981-1986,-0.249,3,4
Western Europe,1981-1986,0.0798663101604278,3,4
Southern Europe,1981-1986,0.0798663101604278,3,1
Eastern Europe,1981-1986,-0.022,3,3
Southern Europe,1981-1986,0.013,3,1
Northern Europe,1981-1986,0.379,3,2
Northern Europe,1981-1986,0.757,3,2
Western Europe,1981-1986,-0.082,3,4
Western Europe,1981-1986,-0.11,3,4
Southern Europe,1981-1986,-0.123,3,1
Northern Europe,1981-1986,0.204,3,2
Northern Europe,1981-1986,0.336,3,2
Southern Europe,1981-1986,-0.468,3,1
Northern Europe,1981-1986,0.0798663101604278,3,2
Western Europe,1981-1986,-0.371,3,4
Northern Europe,1981-1986,0.0798663101604278,3,2
Western Europe,1981-1986,0.0798663101604278,3,4
Southern Europe,1981-1986,-0.267,3,1
Western Europe,1981-1986,-0.603,3,4
Northern Europe,1981-1986,0.532,3,2
Southern Europe,1981-1986,-0.12,3,1
Eastern Europe,1981-1986,-0.129,3,3
Southern Europe,1981-1986,-0.163,3,1
Northern Europe,1981-1986,0.583,3,2
Western Europe,1981-1986,-0.33,3,4
Eastern Europe,1981-1986,0.0798663101604278,3,3
Northern Europe,1981-1986,0.337,3,2
Southern Europe,1981-1986,-0.103,3,1
Western Europe,1981-1986,-0.568,3,4
Western Europe,1981-1986,0.0718342245989304,3,4
Southern Europe,1981-1986,0.0718342245989304,3,1
Eastern Europe,1981-1986,-0.605,3,3
Southern Europe,1981-1986,-0.068,3,1
Northern Europe,1981-1986,-1.004,3,2
Northern Europe,1981-1986,-1.177,3,2
Western Europe,1981-1986,-0.338,3,4
Western Europe,1981-1986,-0.8,3,4
Southern Europe,1981-1986,-0.063,3,1
Northern Europe,1981-1986,0.164,3,2
Northern Europe,1981-1986,-0.439,3,2
Southern Europe,1981-1986,0.117,3,1
Northern Europe,1981-1986,0.0718342245989304,3,2
Western Europe,1981-1986,-0.336,3,4
Northern Europe,1981-1986,0.0718342245989304,3,2
Western Europe,1981-1986,0.0718342245989304,3,4
Southern Europe,1981-1986,0.426,3,1
Western Europe,1981-1986,-0.106,3,4
Northern Europe,1981-1986,-0.594,3,2
Southern Europe,1981-1986,0.528,3,1
Eastern Europe,1981-1986,-1.193,3,3
Southern Europe,1981-1986,0.484,3,1
Northern Europe,1981-1986,-1.036,3,2
Western Europe,1981-1986,-0.328,3,4
Eastern Europe,1981-1986,0.0718342245989304,3,3
Northern Europe,1981-1986,-0.522,3,2
Southern Europe,1981-1986,0.569,3,1
Western Europe,1981-1986,0.319,3,4
Western Europe,1981-1986,0.1506772486772487,3,4
Southern Europe,1981-1986,0.1506772486772487,3,1
Eastern Europe,1981-1986,0.36,3,3
Southern Europe,1981-1986,0.249,3,1
Northern Europe,1981-1986,-0.444,3,2
Northern Europe,1981-1986,-0.181,3,2
Western Europe,1981-1986,-0.003,3,4
Western Europe,1981-1986,-0.007,3,4
Southern Europe,1981-1986,0.312,3,1
Northern Europe,1981-1986,-0.077,3,2
Northern Europe,1981-1986,-0.726,3,2
Southern Europe,1981-1986,0.436,3,1
Northern Europe,1981-1986,0.1506772486772487,3,2
Western Europe,1981-1986,0.383,3,4
Northern Europe,1981-1986,0.1506772486772487,3,2
Western Europe,1981-1986,0.1506772486772487,3,4
Southern Europe,1981-1986,0.4,3,1
Western Europe,1981-1986,0.433,3,4
Northern Europe,1981-1986,-0.43,3,2
Southern Europe,1981-1986,0.094,3,1
Eastern Europe,1981-1986,0.431,3,3
Southern Europe,1981-1986,0.259,3,1
Northern Europe,1981-1986,-0.493,3,2
Western Europe,1981-1986,0.242,3,4
Eastern Europe,1981-1986,0.1506772486772487,3,3
Northern Europe,1981-1986,-0.594,3,2
Southern Europe,1986-1991,-0.106,4,1
Western Europe,1986-1991,-0.263,4,4
Western Europe,1986-1991,0.4050317460317459,4,4
Southern Europe,1986-1991,0.4050317460317459,4,1
Eastern Europe,1986-1991,-0.484,4,3
Southern Europe,1986-1991,-0.26,4,1
Northern Europe,1986-1991,-0.985,4,2
Northern Europe,1986-1991,-1.652,4,2
Western Europe,1986-1991,0.001,4,4
Western Europe,1986-1991,-0.561,4,4
Southern Europe,1986-1991,-0.395,4,1
Northern Europe,1986-1991,0.685,4,2
Northern Europe,1986-1991,-0.143,4,2
Southern Europe,1986-1991,0.192,4,1
Northern Europe,1986-1991,0.4050317460317459,4,2
Western Europe,1986-1991,-0.045,4,4
Northern Europe,1986-1991,0.4050317460317459,4,2
Western Europe,1986-1991,0.4050317460317459,4,4
Southern Europe,1986-1991,0.525,4,1
Western Europe,1986-1991,0.196,4,4
Northern Europe,1986-1991,-0.83,4,2
Southern Europe,1986-1991,0.752,4,1
Eastern Europe,1986-1991,-0.724,4,3
Southern Europe,1986-1991,0.724,4,1
Northern Europe,1986-1991,-1.201,4,2
Western Europe,1986-1991,-0.01,4,4
Eastern Europe,1986-1991,0.4050317460317459,4,3
Northern Europe,1986-1991,-0.283,4,2
Southern Europe,1986-1991,0.37,4,1
Western Europe,1986-1991,0.82,4,4
Western Europe,1986-1991,0.4897301587301587,4,4
Southern Europe,1986-1991,0.4897301587301587,4,1
Eastern Europe,1986-1991,0.128,4,3
Southern Europe,1986-1991,0.044,4,1
Northern Europe,1986-1991,0.925,4,2
Northern Europe,1986-1991,0.579,4,2
Western Europe,1986-1991,0.773,4,4
Western Europe,1986-1991,0.893,4,4
Southern Europe,1986-1991,0.129,4,1
Northern Europe,1986-1991,-0.088,4,2
Northern Europe,1986-1991,0.246,4,2
Southern Europe,1986-1991,0.842,4,1
Northern Europe,1986-1991,0.4897301587301587,4,2
Western Europe,1986-1991,0.929,4,4
Northern Europe,1986-1991,0.4897301587301587,4,2
Western Europe,1986-1991,0.4897301587301587,4,4
Southern Europe,1986-1991,1.194,4,1
Western Europe,1986-1991,0.758,4,4
Northern Europe,1986-1991,0.476,4,2
Southern Europe,1986-1991,0.637,4,1
Eastern Europe,1986-1991,0.092,4,3
Southern Europe,1986-1991,0.796,4,1
Northern Europe,1986-1991,0.726,4,2
Western Europe,1986-1991,0.916,4,4
Eastern Europe,1986-1991,0.4897301587301587,4,3
Northern Europe,1986-1991,0.307,4,2
Southern Europe,1986-1991,-0.066,4,1
Western Europe,1986-1991,1.104,4,4
Western Europe,1986-1991,0.2557724867724867,4,4
Southern Europe,1986-1991,0.2557724867724867,4,1
Eastern Europe,1986-1991,0.405,4,3
Southern Europe,1986-1991,0.085,4,1
Northern Europe,1986-1991,1.803,4,2
Northern Europe,1986-1991,2.179,4,2
Western Europe,1986-1991,1.278,4,4
Western Europe,1986-1991,1.491,4,4
Southern Europe,1986-1991,-0.204,4,1
Northern Europe,1986-1991,-0.174,4,2
Northern Europe,1986-1991,1.054,4,2
Southern Europe,1986-1991,0.417,4,1
Northern Europe,1986-1991,0.2557724867724867,4,2
Western Europe,1986-1991,1.089,4,4
Northern Europe,1986-1991,0.2557724867724867,4,2
Western Europe,1986-1991,0.2557724867724867,4,4
Southern Europe,1986-1991,0.206,4,1
Western Europe,1986-1991,0.908,4,4
Northern Europe,1986-1991,1.741,4,2
Southern Europe,1986-1991,1.117,4,1
Eastern Europe,1986-1991,0.752,4,3
Southern Europe,1986-1991,1.039,4,1
Northern Europe,1986-1991,1.998,4,2
Western Europe,1986-1991,1.142,4,4
Eastern Europe,1986-1991,0.2557724867724867,4,3
Northern Europe,1986-1991,1.145,4,2
Southern Europe,1986-1991,0.795,4,1
Western Europe,1986-1991,1.262,4,4
Western Europe,1986-1991,0.554813829787234,4,4
Southern Europe,1986-1991,0.554813829787234,4,1
Eastern Europe,1986-1991,0.797,4,3
Southern Europe,1986-1991,0.069,4,1
Northern Europe,1986-1991,1.843,4,2
Northern Europe,1986-1991,1.249,4,2
Western Europe,1986-1991,1.591,4,4
Western Europe,1986-1991,1.571,4,4
Southern Europe,1986-1991,0.368,4,1
Northern Europe,1986-1991,0.169,4,2
Northern Europe,1986-1991,0.829,4,2
Southern Europe,1986-1991,1.132,4,1
Northern Europe,1986-1991,0.554813829787234,4,2
Western Europe,1986-1991,1.308,4,4
Northern Europe,1986-1991,0.554813829787234,4,2
Western Europe,1986-1991,0.554813829787234,4,4
Southern Europe,1986-1991,1.235,4,1
Western Europe,1986-1991,1.284,4,4
Northern Europe,1986-1991,1.517,4,2
Southern Europe,1986-1991,1.401,4,1
Eastern Europe,1986-1991,1.1,4,3
Southern Europe,1986-1991,1.446,4,1
Northern Europe,1986-1991,1.692,4,2
Western Europe,1986-1991,1.417,4,4
Eastern Europe,1986-1991,0.554813829787234,4,3
Northern Europe,1986-1991,1.016,4,2
Southern Europe,1986-1991,-0.269,4,1
Western Europe,1986-1991,0.125,4,4
Western Europe,1986-1991,0.3676310160427807,4,4
Southern Europe,1986-1991,0.3676310160427807,4,1
Eastern Europe,1986-1991,-0.161,4,3
Southern Europe,1986-1991,0.379,4,1
Northern Europe,1986-1991,0.616,4,2
Northern Europe,1986-1991,1.138,4,2
Western Europe,1986-1991,0.257,4,4
Western Europe,1986-1991,0.286,4,4
Southern Europe,1986-1991,-0.197,4,1
Northern Europe,1986-1991,0.766,4,2
Northern Europe,1986-1991,0.199,4,2
Southern Europe,1986-1991,0.029,4,1
Northern Europe,1986-1991,0.3676310160427807,4,2
Western Europe,1986-1991,0.184,4,4
Northern Europe,1986-1991,0.3676310160427807,4,2
Western Europe,1986-1991,0.3676310160427807,4,4
Southern Europe,1986-1991,0.147,4,1
Western Europe,1986-1991,0.107,4,4
Northern Europe,1986-1991,0.977,4,2
Southern Europe,1986-1991,0.44,4,1
Eastern Europe,1986-1991,0.033,4,3
Southern Europe,1986-1991,0.209,4,1
Northern Europe,1986-1991,1.025,4,2
Western Europe,1986-1991,0.328,4,4
Eastern Europe,1986-1991,0.3676310160427807,4,3
Northern Europe,1986-1991,0.21,4,2
Southern Europe,1992-1997,0.106,5,1
Western Europe,1992-1997,1.248,5,4
Western Europe,1992-1997,0.236743961352657,5,4
Southern Europe,1992-1997,0.659,5,1
Eastern Europe,1992-1997,0.149,5,3
Southern Europe,1992-1997,-0.928,5,1
Northern Europe,1992-1997,1.452,5,2
Northern Europe,1992-1997,1.165,5,2
Western Europe,1992-1997,0.659,5,4
Western Europe,1992-1997,1.228,5,4
Southern Europe,1992-1997,-0.528,5,1
Northern Europe,1992-1997,0.231,5,2
Northern Europe,1992-1997,0.446,5,2
Southern Europe,1992-1997,0.542,5,1
Northern Europe,1992-1997,1.587,5,2
Western Europe,1992-1997,1.09,5,4
Northern Europe,1992-1997,1.485,5,2
Western Europe,1992-1997,0.236743961352657,5,4
Southern Europe,1992-1997,0.275,5,1
Western Europe,1992-1997,0.651,5,4
Northern Europe,1992-1997,1.121,5,2
Southern Europe,1992-1997,0.434,5,1
Eastern Europe,1992-1997,0.364,5,3
Southern Europe,1992-1997,0.305,5,1
Northern Europe,1992-1997,1.374,5,2
Western Europe,1992-1997,0.969,5,4
Eastern Europe,1992-1997,0.476,5,3
Northern Europe,1992-1997,0.522,5,2
Southern Europe,1992-1997,0.076,5,1
Western Europe,1992-1997,0.527,5,4
Western Europe,1992-1997,0.2153509615384615,5,4
Southern Europe,1992-1997,0.248,5,1
Eastern Europe,1992-1997,-0.322,5,3
Southern Europe,1992-1997,-0.421,5,1
Northern Europe,1992-1997,0.235,5,2
Northern Europe,1992-1997,0.937,5,2
Western Europe,1992-1997,0.325,5,4
Western Europe,1992-1997,0.31,5,4
Southern Europe,1992-1997,-0.328,5,1
Northern Europe,1992-1997,0.225,5,2
Northern Europe,1992-1997,0.064,5,2
Southern Europe,1992-1997,0.527,5,1
Northern Europe,1992-1997,0.401,5,2
Western Europe,1992-1997,0.635,5,4
Northern Europe,1992-1997,0.297,5,2
Western Europe,1992-1997,0.2153509615384615,5,4
Southern Europe,1992-1997,0.625,5,1
Western Europe,1992-1997,0.461,5,4
Northern Europe,1992-1997,0.697,5,2
Southern Europe,1992-1997,-0.199,5,1
Eastern Europe,1992-1997,-0.428,5,3
Southern Europe,1992-1997,-0.059,5,1
Northern Europe,1992-1997,0.806,5,2
Western Europe,1992-1997,0.562,5,4
Eastern Europe,1992-1997,-0.724,5,3
Northern Europe,1992-1997,-0.015,5,2
Southern Europe,1992-1997,1.33,5,1
Western Europe,1992-1997,1.958,5,4
Western Europe,1992-1997,0.6100096618357488,5,4
Southern Europe,1992-1997,1.691,5,1
Eastern Europe,1992-1997,1.583,5,3
Southern Europe,1992-1997,1.047,5,1
Northern Europe,1992-1997,0.967,5,2
Northern Europe,1992-1997,0.146,5,2
Western Europe,1992-1997,1.547,5,4
Western Europe,1992-1997,1.625,5,4
Southern Europe,1992-1997,1.06,5,1
Northern Europe,1992-1997,-0.108,5,2
Northern Europe,1992-1997,0.282,5,2
Southern Europe,1992-1997,1.513,5,1
Northern Europe,1992-1997,0.689,5,2
Western Europe,1992-1997,1.925,5,4
Northern Europe,1992-1997,0.947,5,2
Western Europe,1992-1997,0.6100096618357488,5,4
Southern Europe,1992-1997,1.421,5,1
Western Europe,1992-1997,1.302,5,4
Northern Europe,1992-1997,0.065,5,2
Southern Europe,1992-1997,0.684,5,1
Eastern Europe,1992-1997,1.72,5,3
Southern Europe,1992-1997,1.044,5,1
Northern Europe,1992-1997,0.195,5,2
Western Europe,1992-1997,1.859,5,4
Eastern Europe,1992-1997,1.165,5,3
Northern Europe,1992-1997,0.413,5,2
Southern Europe,1992-1997,-0.172,5,1
Western Europe,1992-1997,0.939,5,4
Western Europe,1992-1997,0.6282535885167464,5,4
Southern Europe,1992-1997,0.286,5,1
Eastern Europe,1992-1997,0.221,5,3
Southern Europe,1992-1997,0.058,5,1
Northern Europe,1992-1997,1.304,5,2
Northern Europe,1992-1997,1.701,5,2
Western Europe,1992-1997,1.326,5,4
Western Europe,1992-1997,1.307,5,4
Southern Europe,1992-1997,-0.043,5,1
Northern Europe,1992-1997,-0.33,5,2
Northern Europe,1992-1997,1.198,5,2
Southern Europe,1992-1997,0.418,5,1
Northern Europe,1992-1997,1.626,5,2
Western Europe,1992-1997,0.9,5,4
Northern Europe,1992-1997,1.515,5,2
Western Europe,1992-1997,0.6282535885167464,5,4
Southern Europe,1992-1997,0.461,5,1
Western Europe,1992-1997,0.672,5,4
Northern Europe,1992-1997,0.944,5,2
Southern Europe,1992-1997,1.663,5,1
Eastern Europe,1992-1997,0.409,5,3
Southern Europe,1992-1997,1.444,5,1
Northern Europe,1992-1997,1.263,5,2
Western Europe,1992-1997,1.001,5,4
Eastern Europe,1992-1997,0.959,5,3
Northern Europe,1992-1997,1.119,5,2
Southern Europe,1992-1997,-0.038,5,1
Western Europe,1992-1997,-0.203,5,4
Western Europe,1992-1997,0.278866028708134,5,4
Southern Europe,1992-1997,-0.043,5,1
Eastern Europe,1992-1997,-0.36,5,3
Southern Europe,1992-1997,0.253,5,1
Northern Europe,1992-1997,-0.753,5,2
Northern Europe,1992-1997,0.137,5,2
Western Europe,1992-1997,0.188,5,4
Western Europe,1992-1997,-0.699,5,4
Southern Europe,1992-1997,-0.161,5,1
Northern Europe,1992-1997,0.562,5,2
Northern Europe,1992-1997,-0.006,5,2
Southern Europe,1992-1997,0.233,5,1
Northern Europe,1992-1997,-0.411,5,2
Western Europe,1992-1997,-0.033,5,4
Northern Europe,1992-1997,-0.518,5,2
Western Europe,1992-1997,0.278866028708134,5,4
Southern Europe,1992-1997,0.639,5,1
Western Europe,1992-1997,0.211,5,4
Northern Europe,1992-1997,-0.06,5,2
Southern Europe,1992-1997,0.756,5,1
Eastern Europe,1992-1997,-0.424,5,3
Southern Europe,1992-1997,0.722,5,1
Northern Europe,1992-1997,-0.164,5,2
Western Europe,1992-1997,0.029,5,4
Eastern Europe,1992-1997,-0.405,5,3
Northern Europe,1992-1997,-0.142,5,2
Southern Europe,1992-1997,0.075,5,1
Western Europe,1992-1997,0.514,5,4
Western Europe,1992-1997,0.5434514563106796,5,4
Southern Europe,1992-1997,0.112,5,1
Eastern Europe,1992-1997,-0.336,5,3
Southern Europe,1992-1997,0.008,5,1
Northern Europe,1992-1997,0.651,5,2
Northern Europe,1992-1997,0.783,5,2
Western Europe,1992-1997,1.24,5,4
Western Europe,1992-1997,0.558,5,4
Southern Europe,1992-1997,-0.195,5,1
Northern Europe,1992-1997,0.436,5,2
Northern Europe,1992-1997,0.977,5,2
Southern Europe,1992-1997,0.931,5,1
Northern Europe,1992-1997,0.766,5,2
Western Europe,1992-1997,0.942,5,4
Northern Europe,1992-1997,0.521,5,2
Western Europe,1992-1997,0.5434514563106796,5,4
Southern Europe,1992-1997,1.054,5,1
Western Europe,1992-1997,1.297,5,4
Northern Europe,1992-1997,0.761,5,2
Southern Europe,1992-1997,1.601,5,1
Eastern Europe,1992-1997,-0.422,5,3
Southern Europe,1992-1997,1.535,5,1
Northern Europe,1992-1997,0.981,5,2
Western Europe,1992-1997,1.063,5,4
Eastern Europe,1992-1997,-0.328,5,3
Northern Europe,1992-1997,0.882,5,2
Southern Europe,1998-2003,0.795,6,1
Western Europe,1998-2003,1.343,6,4
Western Europe,1998-2003,0.9711483253588516,6,4
Southern Europe,1998-2003,1.059,6,1
Eastern Europe,1998-2003,0.775,6,3
Southern Europe,1998-2003,0.961,6,1
Northern Europe,1998-2003,0.869,6,2
Northern Europe,1998-2003,0.071,6,2
Western Europe,1998-2003,0.947,6,4
Western Europe,1998-2003,1.153,6,4
Southern Europe,1998-2003,0.632,6,1
Northern Europe,1998-2003,0.238,6,2
Northern Europe,1998-2003,0.937,6,2
Southern Europe,1998-2003,0.969,6,1
Northern Europe,1998-2003,0.657,6,2
Western Europe,1998-2003,1.208,6,4
Northern Europe,1998-2003,0.74,6,2
Western Europe,1998-2003,0.9711483253588516,6,4
Southern Europe,1998-2003,0.876,6,1
Western Europe,1998-2003,0.922,6,4
Northern Europe,1998-2003,0.383,6,2
Southern Europe,1998-2003,1.212,6,1
Eastern Europe,1998-2003,0.785,6,3
Southern Europe,1998-2003,1.189,6,1
Northern Europe,1998-2003,0.561,6,2
Western Europe,1998-2003,1.111,6,4
Eastern Europe,1998-2003,0.741,6,3
Northern Europe,1998-2003,0.86,6,2
Southern Europe,1998-2003,0.67,6,1
Western Europe,1998-2003,0.986,6,4
Western Europe,1998-2003,0.7431105769230769,6,4
Southern Europe,1998-2003,0.612,6,1
Eastern Europe,1998-2003,0.696,6,3
Southern Europe,1998-2003,1.079,6,1
Northern Europe,1998-2003,1.334,6,2
Northern Europe,1998-2003,1.159,6,2
Western Europe,1998-2003,1.199,6,4
Western Europe,1998-2003,1.367,6,4
Southern Europe,1998-2003,0.8,6,1
Northern Europe,1998-2003,0.471,6,2
Northern Europe,1998-2003,1.077,6,2
Southern Europe,1998-2003,0.918,6,1
Northern Europe,1998-2003,1.562,6,2
Western Europe,1998-2003,0.979,6,4
Northern Europe,1998-2003,1.49,6,2
Western Europe,1998-2003,0.7431105769230769,6,4
Southern Europe,1998-2003,1.268,6,1
Western Europe,1998-2003,0.924,6,4
Northern Europe,1998-2003,1.257,6,2
Southern Europe,1998-2003,0.634,6,1
Eastern Europe,1998-2003,0.62,6,3
Southern Europe,1998-2003,0.814,6,1
Northern Europe,1998-2003,1.362,6,2
Western Europe,1998-2003,0.98,6,4
Eastern Europe,1998-2003,1.169,6,3
Northern Europe,1998-2003,1.133,6,2
Southern Europe,1998-2003,1.065,6,1
Western Europe,1998-2003,1.769,6,4
Western Europe,1998-2003,1.484,6,4
Southern Europe,1998-2003,1.525,6,1
Eastern Europe,1998-2003,1.184,6,3
Southern Europe,1998-2003,0.618,6,1
Northern Europe,1998-2003,1.719,6,2
Northern Europe,1998-2003,2.024,6,2
Western Europe,1998-2003,1.175,6,4
Western Europe,1998-2003,1.764,6,4
Southern Europe,1998-2003,0.679,6,1
Northern Europe,1998-2003,0.274,6,2
Northern Europe,1998-2003,0.577,6,2
Southern Europe,1998-2003,1.243,6,1
Northern Europe,1998-2003,2.022,6,2
Western Europe,1998-2003,1.464,6,4
Northern Europe,1998-2003,2.026,6,2
Western Europe,1998-2003,1.651,6,4
Southern Europe,1998-2003,1.055,6,1
Western Europe,1998-2003,1.112,6,4
Northern Europe,1998-2003,1.427,6,2
Southern Europe,1998-2003,0.665,6,1
Eastern Europe,1998-2003,1.338,6,3
Southern Europe,1998-2003,0.81,6,1
Northern Europe,1998-2003,1.721,6,2
Western Europe,1998-2003,1.42,6,4
Eastern Europe,1998-2003,1.439,6,3
Northern Europe,1998-2003,0.724,6,2
Southern Europe,1998-2003,1.532,6,1
Western Europe,1998-2003,1.501,6,4
Western Europe,1998-2003,1.336,6,4
Southern Europe,1998-2003,1.527,6,1
Eastern Europe,1998-2003,1.648,6,3
Southern Europe,1998-2003,1.161,6,1
Northern Europe,1998-2003,1.044,6,2
Northern Europe,1998-2003,1.365,6,2
Western Europe,1998-2003,1.391,6,4
Western Europe,1998-2003,1.292,6,4
Southern Europe,1998-2003,1.314,6,1
Northern Europe,1998-2003,0.584,6,2
Northern Europe,1998-2003,0.551,6,2
Southern Europe,1998-2003,1.533,6,1
Northern Europe,1998-2003,1.83,6,2
Western Europe,1998-2003,1.44,6,4
Northern Europe,1998-2003,1.804,6,2
Western Europe,1998-2003,1.433,6,4
Southern Europe,1998-2003,1.669,6,1
Western Europe,1998-2003,1.381,6,4
Northern Europe,1998-2003,0.613,6,2
Southern Europe,1998-2003,1.165,6,1
Eastern Europe,1998-2003,1.537,6,3
Southern Europe,1998-2003,1.406,6,1
Northern Europe,1998-2003,1.071,6,2
Western Europe,1998-2003,1.45,6,4
Eastern Europe,1998-2003,1.809,6,3
Northern Europe,1998-2003,0.631,6,2
Southern Europe,1998-2003,0.492,6,1
Western Europe,1998-2003,1.531,6,4
Western Europe,1998-2003,1.398,6,4
Southern Europe,1998-2003,1.141,6,1
Eastern Europe,1998-2003,0.854,6,3
Southern Europe,1998-2003,0.836,6,1
Northern Europe,1998-2003,1.652,6,2
Northern Europe,1998-2003,1.171,6,2
Western Europe,1998-2003,1.054,6,4
Western Europe,1998-2003,1.491,6,4
Southern Europe,1998-2003,0.435,6,1
Northern Europe,1998-2003,0.784,6,2
Northern Europe,1998-2003,0.83,6,2
Southern Europe,1998-2003,0.913,6,1
Northern Europe,1998-2003,1.73,6,2
Western Europe,1998-2003,1.382,6,4
Northern Europe,1998-2003,1.917,6,2
Western Europe,1998-2003,1.393,6,4
Southern Europe,1998-2003,0.942,6,1
Western Europe,1998-2003,0.916,6,4
Northern Europe,1998-2003,1.386,6,2
Southern Europe,1998-2003,0.681,6,1
Eastern Europe,1998-2003,1.22,6,3
Southern Europe,1998-2003,0.812,6,1
Northern Europe,1998-2003,1.566,6,2
Western Europe,1998-2003,1.258,6,4
Eastern Europe,1998-2003,1.553,6,3
Northern Europe,1998-2003,1.011,6,2
Southern Europe,1998-2003,0.97,6,1
Western Europe,1998-2003,1.464,6,4
Western Europe,1998-2003,1.526,6,4
Southern Europe,1998-2003,1.088,6,1
Eastern Europe,1998-2003,0.181,6,3
Southern Europe,1998-2003,0.585,6,1
Northern Europe,1998-2003,0.707,6,2
Northern Europe,1998-2003,0.713,6,2
Western Europe,1998-2003,1.8,6,4
Western Europe,1998-2003,1.258,6,4
Southern Europe,1998-2003,0.385,6,1
Northern Europe,1998-2003,1.784,6,2
Northern Europe,1998-2003,1.024,6,2
Southern Europe,1998-2003,1.526,6,1
Northern Europe,1998-2003,0.253,6,2
Western Europe,1998-2003,1.67,6,4
Northern Europe,1998-2003,0.182,6,2
Western Europe,1998-2003,1.692,6,4
Southern Europe,1998-2003,1.401,6,1
Western Europe,1998-2003,1.645,6,4
Northern Europe,1998-2003,1.089,6,2
Southern Europe,1998-2003,1.458,6,1
Eastern Europe,1998-2003,0.145,6,3
Southern Europe,1998-2003,1.598,6,1
Northern Europe,1998-2003,0.914,6,2
Western Europe,1998-2003,1.848,6,4
Eastern Europe,1998-2003,-0.252,6,3
Northern Europe,1998-2003,1.194,6,2
Southern Europe,2004-2009,0.444,7,1
Western Europe,2004-2009,0.829,7,4
Western Europe,2004-2009,1.089,7,4
Southern Europe,2004-2009,0.584,7,1
Eastern Europe,2004-2009,0.533,7,3
Southern Europe,2004-2009,0.614,7,1
Northern Europe,2004-2009,1.032,7,2
Northern Europe,2004-2009,1.233,7,2
Western Europe,2004-2009,0.969,7,4
Western Europe,2004-2009,0.998,7,4
Southern Europe,2004-2009,0.337,7,1
Northern Europe,2004-2009,1.235,7,2
Northern Europe,2004-2009,0.9,7,2
Southern Europe,2004-2009,0.746,7,1
Northern Europe,2004-2009,1.027,7,2
Western Europe,2004-2009,0.899,7,4
Northern Europe,2004-2009,0.883,7,2
Western Europe,2004-2009,1.013,7,4
Southern Europe,2004-2009,0.699,7,1
Western Europe,2004-2009,0.851,7,4
Northern Europe,2004-2009,1.3,7,2
Southern Europe,2004-2009,1.062,7,1
Eastern Europe,2004-2009,0.556,7,3
Southern Europe,2004-2009,1.004,7,1
Northern Europe,2004-2009,1.198,7,2
Western Europe,2004-2009,0.974,7,4
Eastern Europe,2004-2009,0.93,7,3
Northern Europe,2004-2009,1.035,7,2
Southern Europe,2004-2009,0.189,7,1
Western Europe,2004-2009,0.628,7,4
Western Europe,2004-2009,1.197,7,4
Southern Europe,2004-2009,0.124,7,1
Eastern Europe,2004-2009,0.215,7,3
Southern Europe,2004-2009,0.335,7,1
Northern Europe,2004-2009,1.282,7,2
Northern Europe,2004-2009,2.201,7,2
Western Europe,2004-2009,1.02,7,4
Western Europe,2004-2009,1.025,7,4
Southern Europe,2004-2009,0.213,7,1
Northern Europe,2004-2009,0.448,7,2
Northern Europe,2004-2009,1.175,7,2
Southern Europe,2004-2009,0.563,7,1
Northern Europe,2004-2009,1.355,7,2
Western Europe,2004-2009,0.663,7,4
Northern Europe,2004-2009,1.206,7,2
Western Europe,2004-2009,1.129,7,4
Southern Europe,2004-2009,0.67,7,1
Western Europe,2004-2009,0.806,7,4
Northern Europe,2004-2009,1.759,7,2
Southern Europe,2004-2009,1.032,7,1
Eastern Europe,2004-2009,0.298,7,3
Southern Europe,2004-2009,0.902,7,1
Northern Europe,2004-2009,1.825,7,2
Western Europe,2004-2009,0.808,7,4
Eastern Europe,2004-2009,1.023,7,3
Northern Europe,2004-2009,1.116,7,2
Southern Europe,2004-2009,0.345,7,1
Western Europe,2004-2009,0.907,7,4
Western Europe,2004-2009,1.404,7,4
Southern Europe,2004-2009,0.594,7,1
Eastern Europe,2004-2009,0.571,7,3
Southern Europe,2004-2009,0.622,7,1
Northern Europe,2004-2009,1.349,7,2
Northern Europe,2004-2009,1.204,7,2
Western Europe,2004-2009,1.306,7,4
Western Europe,2004-2009,1.254,7,4
Southern Europe,2004-2009,0.254,7,1
Northern Europe,2004-2009,1.032,7,2
Northern Europe,2004-2009,1.159,7,2
Southern Europe,2004-2009,0.84,7,1
Northern Europe,2004-2009,1.087,7,2
Western Europe,2004-2009,0.955,7,4
Northern Europe,2004-2009,0.923,7,2
Western Europe,2004-2009,1.357,7,4
Southern Europe,2004-2009,0.996,7,1
Western Europe,2004-2009,1.183,7,4
Northern Europe,2004-2009,1.504,7,2
Southern Europe,2004-2009,1.561,7,1
Eastern Europe,2004-2009,0.514,7,3
Southern Europe,2004-2009,1.526,7,1
Northern Europe,2004-2009,1.485,7,2
Western Europe,2004-2009,1.091,7,4
Eastern Europe,2004-2009,0.27,7,3
Northern Europe,2004-2009,1.25,7,2
Southern Europe,2004-2009,1.316,7,1
Western Europe,2004-2009,2.137,7,4
Western Europe,2004-2009,1.883,7,4
Southern Europe,2004-2009,1.861,7,1
Eastern Europe,2004-2009,1.883,7,3
Southern Europe,2004-2009,0.814,7,1
Northern Europe,2004-2009,2.136,7,2
Northern Europe,2004-2009,1.946,7,2
Western Europe,2004-2009,1.407,7,4
Western Europe,2004-2009,2.088,7,4
Southern Europe,2004-2009,1.08,7,1
Northern Europe,2004-2009,1.101,7,2
Northern Europe,2004-2009,1.345,7,2
Southern Europe,2004-2009,1.552,7,1
Northern Europe,2004-2009,2.206,7,2
Western Europe,2004-2009,1.931,7,4
Northern Europe,2004-2009,2.196,7,2
Western Europe,2004-2009,1.94,7,4
Southern Europe,2004-2009,1.398,7,1
Western Europe,2004-2009,1.643,7,4
Northern Europe,2004-2009,1.702,7,2
Southern Europe,2004-2009,0.775,7,1
Eastern Europe,2004-2009,2.126,7,3
Southern Europe,2004-2009,0.835,7,1
Northern Europe,2004-2009,1.938,7,2
Western Europe,2004-2009,1.804,7,4
Eastern Europe,2004-2009,2.379,7,3
Northern Europe,2004-2009,1.332,7,2
Southern Europe,2004-2009,0.978,7,1
Western Europe,2004-2009,1.582,7,4
Western Europe,2004-2009,1.256,7,4
Southern Europe,2004-2009,1.373,7,1
Eastern Europe,2004-2009,1.177,7,3
Southern Europe,2004-2009,1.031,7,1
Northern Europe,2004-2009,1.853,7,2
Northern Europe,2004-2009,2.13,7,2
Western Europe,2004-2009,0.992,7,4
Western Europe,2004-2009,1.542,7,4
Southern Europe,2004-2009,0.881,7,1
Northern Europe,2004-2009,0.753,7,2
Northern Europe,2004-2009,0.836,7,2
Southern Europe,2004-2009,1.133,7,1
Northern Europe,2004-2009,2.403,7,2
Western Europe,2004-2009,1.385,7,4
Northern Europe,2004-2009,2.221,7,2
Western Europe,2004-2009,1.279,7,4
Southern Europe,2004-2009,1.271,7,1
Western Europe,2004-2009,1.103,7,4
Northern Europe,2004-2009,1.619,7,2
Southern Europe,2004-2009,0.649,7,1
Eastern Europe,2004-2009,1.335,7,3
Southern Europe,2004-2009,0.864,7,1
Northern Europe,2004-2009,1.954,7,2
Western Europe,2004-2009,1.195,7,4
Eastern Europe,2004-2009,1.621,7,3
Northern Europe,2004-2009,0.838,7,2
Southern Europe,2004-2009,0.91,7,1
Western Europe,2004-2009,1.544,7,4
Western Europe,2004-2009,1.158,7,4
Southern Europe,2004-2009,1.379,7,1
Eastern Europe,2004-2009,1.291,7,3
Southern Europe,2004-2009,0.983,7,1
Northern Europe,2004-2009,1.32,7,2
Northern Europe,2004-2009,1.695,7,2
Western Europe,2004-2009,1.212,7,4
Western Europe,2004-2009,1.282,7,4
Southern Europe,2004-2009,0.771,7,1
Northern Europe,2004-2009,0.907,7,2
Northern Europe,2004-2009,0.804,7,2
Southern Europe,2004-2009,1.234,7,1
Northern Europe,2004-2009,1.524,7,2
Western Europe,2004-2009,1.405,7,4
Northern Europe,2004-2009,1.396,7,2
Western Europe,2004-2009,1.188,7,4
Southern Europe,2004-2009,1.08,7,1
Western Europe,2004-2009,1.468,7,4
Northern Europe,2004-2009,1.393,7,2
Southern Europe,2004-2009,1.423,7,1
Eastern Europe,2004-2009,1.617,7,3
Southern Europe,2004-2009,1.36,7,1
Northern Europe,2004-2009,1.432,7,2
Western Europe,2004-2009,1.371,7,4
Eastern Europe,2004-2009,1.607,7,3
Northern Europe,2004-2009,0.948,7,2
Southern Europe,2010-2015,1.191,8,1
Western Europe,2010-2015,0.656,8,4
Western Europe,2010-2015,0.233,8,4
Southern Europe,2010-2015,0.954,8,1
Eastern Europe,2010-2015,1.361,8,3
Southern Europe,2010-2015,2.03,8,1
Northern Europe,2010-2015,-0.199,8,2
Northern Europe,2010-2015,0.242,8,2
Western Europe,2010-2015,0.395,8,4
Western Europe,2010-2015,0.196,8,4
Southern Europe,2010-2015,1.584,8,1
Northern Europe,2010-2015,1.147,8,2
Northern Europe,2010-2015,-0.104,8,2
Southern Europe,2010-2015,0.755,8,1
Northern Europe,2010-2015,0.704,8,2
Western Europe,2010-2015,0.48,8,4
Northern Europe,2010-2015,0.766,8,2
Western Europe,2010-2015,0.325,8,4
Southern Europe,2010-2015,1.243,8,1
Western Europe,2010-2015,0.452,8,4
Northern Europe,2010-2015,-0.341,8,2
Southern Europe,2010-2015,1.122,8,1
Eastern Europe,2010-2015,1.167,8,3
Southern Europe,2010-2015,0.908,8,1
Northern Europe,2010-2015,-0.279,8,2
Western Europe,2010-2015,0.459,8,4
Eastern Europe,2010-2015,1.649,8,3
Northern Europe,2010-2015,-0.05,8,2
Southern Europe,2010-2015,1.055,8,1
Western Europe,2010-2015,1.373,8,4
Western Europe,2010-2015,1.289,8,4
Southern Europe,2010-2015,1.117,8,1
Eastern Europe,2010-2015,0.422,8,3
Southern Europe,2010-2015,0.715,8,1
Northern Europe,2010-2015,0.677,8,2
Northern Europe,2010-2015,1.354,8,2
Western Europe,2010-2015,1.534,8,4
Western Europe,2010-2015,1.121,8,4
Southern Europe,2010-2015,0.394,8,1
Northern Europe,2010-2015,0.959,8,2
Northern Europe,2010-2015,0.559,8,2
Southern Europe,2010-2015,1.253,8,1
Northern Europe,2010-2015,1.151,8,2
Western Europe,2010-2015,1.657,8,4
Northern Europe,2010-2015,0.957,8,2
Western Europe,2010-2015,1.343,8,4
Southern Europe,2010-2015,1.013,8,1
Western Europe,2010-2015,1.403,8,4
Northern Europe,2010-2015,1.398,8,2
Southern Europe,2010-2015,1.615,8,1
Eastern Europe,2010-2015,0.497,8,3
Southern Europe,2010-2015,1.613,8,1
Northern Europe,2010-2015,1.267,8,2
Western Europe,2010-2015,1.667,8,4
Eastern Europe,2010-2015,0.581,8,3
Northern Europe,2010-2015,0.851,8,2
Southern Europe,2010-2015,1.487,8,1
Western Europe,2010-2015,1.783,8,4
Western Europe,2010-2015,1.13,8,4
Southern Europe,2010-2015,1.756,8,1
Eastern Europe,2010-2015,1.678,8,3
Southern Europe,2010-2015,0.97,8,1
Northern Europe,2010-2015,1.139,8,2
Northern Europe,2010-2015,1.54,8,2
Western Europe,2010-2015,1.22,8,4
Western Europe,2010-2015,1.349,8,4
Southern Europe,2010-2015,1.235,8,1
Northern Europe,2010-2015,0.667,8,2
Northern Europe,2010-2015,0.705,8,2
Southern Europe,2010-2015,1.543,8,1
Northern Europe,2010-2015,1.408,8,2
Western Europe,2010-2015,1.611,8,4
Northern Europe,2010-2015,1.37,8,2
Western Europe,2010-2015,1.262,8,4
Southern Europe,2010-2015,1.44,8,1
Western Europe,2010-2015,1.396,8,4
Northern Europe,2010-2015,1.063,8,2
Southern Europe,2010-2015,0.797,8,1
Eastern Europe,2010-2015,1.828,8,3
Southern Europe,2010-2015,1.043,8,1
Northern Europe,2010-2015,1.313,8,2
Western Europe,2010-2015,1.512,8,4
Eastern Europe,2010-2015,1.957,8,3
Northern Europe,2010-2015,0.576,8,2
Southern Europe,2010-2015,1.333,8,1
Western Europe,2010-2015,1.098,8,4
Western Europe,2010-2015,0.463,8,4
Southern Europe,2010-2015,1.319,8,1
Eastern Europe,2010-2015,1.476,8,3
Southern Europe,2010-2015,1.238,8,1
Northern Europe,2010-2015,0.397,8,2
Northern Europe,2010-2015,1.424,8,2
Western Europe,2010-2015,0.714,8,4
Western Europe,2010-2015,0.583,8,4
Southern Europe,2010-2015,1.317,8,1
Northern Europe,2010-2015,0.687,8,2
Northern Europe,2010-2015,0.568,8,2
Southern Europe,2010-2015,1.006,8,1
Northern Europe,2010-2015,1.082,8,2
Western Europe,2010-2015,0.927,8,4
Northern Europe,2010-2015,0.967,8,2
Western Europe,2010-2015,0.569,8,4
Southern Europe,2010-2015,1.343,8,1
Western Europe,2010-2015,0.724,8,4
Northern Europe,2010-2015,0.791,8,2
Southern Europe,2010-2015,0.941,8,1
Eastern Europe,2010-2015,1.37,8,3
Southern Europe,2010-2015,0.906,8,1
Northern Europe,2010-2015,0.857,8,2
Western Europe,2010-2015,0.782,8,4
Eastern Europe,2010-2015,1.522,8,3
Northern Europe,2010-2015,0.364,8,2
Southern Europe,2010-2015,1.198,8,1
Western Europe,2010-2015,2.409,8,4
Western Europe,2010-2015,2.417,8,4
Southern Europe,2010-2015,1.823,8,1
Eastern Europe,2010-2015,1.196,8,3
Southern Europe,2010-2015,1.048,8,1
Northern Europe,2010-2015,2.677,8,2
Northern Europe,2010-2015,2.591,8,2
Western Europe,2010-2015,2.049,8,4
Western Europe,2010-2015,2.519,8,4
Southern Europe,2010-2015,1.06,8,1
Northern Europe,2010-2015,1.66,8,2
Northern Europe,2010-2015,1.357,8,2
Southern Europe,2010-2015,1.638,8,1
Northern Europe,2010-2015,2.33,8,2
Western Europe,2010-2015,2.232,8,4
Northern Europe,2010-2015,2.238,8,2
Western Europe,2010-2015,2.475,8,4
Southern Europe,2010-2015,1.507,8,1
Western Europe,2010-2015,1.811,8,4
Northern Europe,2010-2015,2.412,8,2
Southern Europe,2010-2015,1.349,8,1
Eastern Europe,2010-2015,1.552,8,3
Southern Europe,2010-2015,1.603,8,1
Northern Europe,2010-2015,2.704,8,2
Western Europe,2010-2015,2.169,8,4
Eastern Europe,2010-2015,1.718,8,3
Northern Europe,2010-2015,1.718,8,2
Southern Europe,2010-2015,1.569,8,1
Western Europe,2010-2015,2.167,8,4
Western Europe,2010-2015,1.371,8,4
Southern Europe,2010-2015,1.813,8,1
Eastern Europe,2010-2015,1.438,8,3
Southern Europe,2010-2015,1.139,8,1
Northern Europe,2010-2015,1.516,8,2
Northern Europe,2010-2015,2.613,8,2
Western Europe,2010-2015,1.612,8,4
Western Europe,2010-2015,1.674,8,4
Southern Europe,2010-2015,0.904,8,1
Northern Europe,2010-2015,0.419,8,2
Northern Europe,2010-2015,0.449,8,2
Southern Europe,2010-2015,1.704,8,1
Northern Europe,2010-2015,2.166,8,2
Western Europe,2010-2015,2.046,8,4
Northern Europe,2010-2015,2.095,8,2
Western Europe,2010-2015,1.528,8,4
Southern Europe,2010-2015,1.403,8,1
Western Europe,2010-2015,1.902,8,4
Northern Europe,2010-2015,1.781,8,2
Southern Europe,2010-2015,1.405,8,1
Eastern Europe,2010-2015,1.799,8,3
Southern Europe,2010-2015,1.533,8,1
Northern Europe,2010-2015,2.069,8,2
Western Europe,2010-2015,1.972,8,4
Eastern Europe,2010-2015,2.075,8,3
Northern Europe,2010-2015,0.614,8,2
Southern Europe,2016-2020,1.464,9,1
Western Europe,2016-2020,2.096,9,4
Western Europe,2016-2020,1.882,9,4
Southern Europe,2016-2020,1.673,9,1
Eastern Europe,2016-2020,1.899,9,3
Southern Europe,2016-2020,1.493,9,1
Northern Europe,2016-2020,1.852,9,2
Northern Europe,2016-2020,2.151,9,2
Western Europe,2016-2020,1.794,9,4
Western Europe,2016-2020,1.988,9,4
Southern Europe,2016-2020,1.561,9,1
Northern Europe,2016-2020,1.411,9,2
Northern Europe,2016-2020,1.04,9,2
Southern Europe,2016-2020,1.716,9,1
Northern Europe,2016-2020,1.946,9,2
Western Europe,2016-2020,2.028,9,4
Northern Europe,2016-2020,1.944,9,2
Western Europe,2016-2020,1.877,9,4
Southern Europe,2016-2020,1.748,9,1
Western Europe,2016-2020,1.773,9,4
Northern Europe,2016-2020,1.718,9,2
Southern Europe,2016-2020,1.682,9,1
Eastern Europe,2016-2020,1.876,9,3
Southern Europe,2016-2020,1.714,9,1
Northern Europe,2016-2020,1.841,9,2
Western Europe,2016-2020,1.859,9,4
Eastern Europe,2016-2020,2.114,9,3
Northern Europe,2016-2020,1.161,9,2
Southern Europe,2016-2020,1.121,9,1
Western Europe,2016-2020,1.741,9,4
Western Europe,2016-2020,1.731,9,4
Southern Europe,2016-2020,1.419,9,1
Eastern Europe,2016-2020,0.954,9,3
Southern Europe,2016-2020,0.776,9,1
Northern Europe,2016-2020,1.619,9,2
Northern Europe,2016-2020,1.487,9,2
Western Europe,2016-2020,1.796,9,4
Western Europe,2016-2020,1.653,9,4
Southern Europe,2016-2020,0.642,9,1
Northern Europe,2016-2020,1.694,9,2
Northern Europe,2016-2020,1.264,9,2
Southern Europe,2016-2020,1.606,9,1
Northern Europe,2016-2020,1.503,9,2
Western Europe,2016-2020,1.795,9,4
Northern Europe,2016-2020,1.542,9,2
Western Europe,2016-2020,1.647,9,4
Southern Europe,2016-2020,1.224,9,1
Western Europe,2016-2020,1.962,9,4
Northern Europe,2016-2020,1.551,9,2
Southern Europe,2016-2020,2.109,9,1
Eastern Europe,2016-2020,1.153,9,3
Southern Europe,2016-2020,2.036,9,1
Northern Europe,2016-2020,1.588,9,2
Western Europe,2016-2020,1.837,9,4
Eastern Europe,2016-2020,1.419,9,3
Northern Europe,2016-2020,1.424,9,2
Southern Europe,2016-2020,2.028,9,1
Western Europe,2016-2020,2.524,9,4
Western Europe,2016-2020,2.196,9,4
Southern Europe,2016-2020,2.275,9,1
Eastern Europe,2016-2020,2.192,9,3
Southern Europe,2016-2020,2.119,9,1
Northern Europe,2016-2020,2.109,9,2
Northern Europe,2016-2020,2.157,9,2
Western Europe,2016-2020,2.06,9,4
Western Europe,2016-2020,2.393,9,4
Southern Europe,2016-2020,1.905,9,1
Northern Europe,2016-2020,0.82,9,2
Northern Europe,2016-2020,0.783,9,2
Southern Europe,2016-2020,1.834,9,1
Northern Europe,2016-2020,2.36,9,2
Western Europe,2016-2020,2.26,9,4
Northern Europe,2016-2020,2.427,9,2
Western Europe,2016-2020,2.468,9,4
Southern Europe,2016-2020,1.441,9,1
Western Europe,2016-2020,1.94,9,4
Northern Europe,2016-2020,1.485,9,2
Southern Europe,2016-2020,0.906,9,1
Eastern Europe,2016-2020,2.266,9,3
Southern Europe,2016-2020,1.149,9,1
Northern Europe,2016-2020,1.844,9,2
Western Europe,2016-2020,2.343,9,4
Eastern Europe,2016-2020,2.242,9,3
Northern Europe,2016-2020,0.998,9,2
Southern Europe,2016-2020,1.675,9,1
Western Europe,2016-2020,2.37,9,4
Western Europe,2016-2020,2.081,9,4
Southern Europe,2016-2020,1.987,9,1
Eastern Europe,2016-2020,2.112,9,3
Southern Europe,2016-2020,1.524,9,1
Northern Europe,2016-2020,2.18,9,2
Northern Europe,2016-2020,1.452,9,2
Western Europe,2016-2020,2.023,9,4
Western Europe,2016-2020,2.332,9,4
Southern Europe,2016-2020,1.381,9,1
Northern Europe,2016-2020,1.339,9,2
Northern Europe,2016-2020,1.201,9,2
Southern Europe,2016-2020,1.698,9,1
Northern Europe,2016-2020,2.462,9,2
Western Europe,2016-2020,2.079,9,4
Northern Europe,2016-2020,2.642,9,2
Western Europe,2016-2020,2.155,9,4
Southern Europe,2016-2020,1.29,9,1
Western Europe,2016-2020,1.919,9,4
Northern Europe,2016-2020,1.208,9,2
Southern Europe,2016-2020,1.291,9,1
Eastern Europe,2016-2020,2.241,9,3
Southern Europe,2016-2020,1.534,9,1
Northern Europe,2016-2020,1.568,9,2
Western Europe,2016-2020,2.096,9,4
Eastern Europe,2016-2020,2.37,9,3
Northern Europe,2016-2020,1.231,9,2
Southern Europe,2016-2020,1.498,9,1
Western Europe,2016-2020,2.315,9,4
Western Europe,2016-2020,2.572,9,4
Southern Europe,2016-2020,1.88,9,1
Eastern Europe,2016-2020,2.037,9,3
Southern Europe,2016-2020,1.668,9,1
Northern Europe,2016-2020,2.633,9,2
Northern Europe,2016-2020,3.317,9,2
Western Europe,2016-2020,2.551,9,4
Western Europe,2016-2020,2.516,9,4
Southern Europe,2016-2020,1.307,9,1
Northern Europe,2016-2020,0.786,9,2
Northern Europe,2016-2020,1.075,9,2
Southern Europe,2016-2020,1.902,9,1
Northern Europe,2016-2020,3.55,9,2
Western Europe,2016-2020,2.367,9,4
Northern Europe,2016-2020,3.445,9,2
Western Europe,2016-2020,2.632,9,4
Southern Europe,2016-2020,1.643,9,1
Western Europe,2016-2020,2.2,9,4
Northern Europe,2016-2020,2.389,9,2
Southern Europe,2016-2020,1.99,9,1
Eastern Europe,2016-2020,2.256,9,3
Southern Europe,2016-2020,2.083,9,1
Northern Europe,2016-2020,2.943,9,2
Western Europe,2016-2020,2.514,9,4
Eastern Europe,2016-2020,3.026,9,3
Northern Europe,2016-2020,1.373,9,2
Southern Europe,2020-2022,1.536,10,1
Western Europe,2020-2022,1.395,10,4
Western Europe,2020-2022,1.203,10,4
Southern Europe,2020-2022,1.598,10,1
Eastern Europe,2020-2022,1.629,10,3
Southern Europe,2020-2022,1.994,10,1
Northern Europe,2020-2022,1.69,10,2
Northern Europe,2020-2022,1.938,10,2
Western Europe,2020-2022,1.337,10,4
Western Europe,2020-2022,1.325,10,4
Southern Europe,2020-2022,1.655,10,1
Northern Europe,2020-2022,0.921,10,2
Northern Europe,2020-2022,1.019,10,2
Southern Europe,2020-2022,1.569,10,1
Northern Europe,2020-2022,1.987,10,2
Western Europe,2020-2022,1.232,10,4
Northern Europe,2020-2022,1.792,10,2
Western Europe,2020-2022,1.158,10,4
Southern Europe,2020-2022,2.123,10,1
Western Europe,2020-2022,1.5,10,4
Northern Europe,2020-2022,1.499,10,2
Southern Europe,2020-2022,1.251,10,1
Eastern Europe,2020-2022,1.447,10,3
Southern Europe,2020-2022,1.431,10,1
Northern Europe,2020-2022,1.846,10,2
Western Europe,2020-2022,1.181,10,4
Eastern Europe,2020-2022,1.435,10,3
Northern Europe,2020-2022,0.929,10,2
Southern Europe,2020-2022,1.518,10,1
Western Europe,2020-2022,2.498,10,4
Western Europe,2020-2022,2.807,10,4
Southern Europe,2020-2022,2.091,10,1
Eastern Europe,2020-2022,1.831,10,3
Southern Europe,2020-2022,1.237,10,1
Northern Europe,2020-2022,2.219,10,2
Northern Europe,2020-2022,2.062,10,2
Western Europe,2020-2022,2.929,10,4
Western Europe,2020-2022,2.596,10,4
Southern Europe,2020-2022,1.04,10,1
Northern Europe,2020-2022,1.201,10,2
Northern Europe,2020-2022,1.764,10,2
Southern Europe,2020-2022,2.135,10,1
Northern Europe,2020-2022,1.953,10,2
Western Europe,2020-2022,2.534,10,4
Northern Europe,2020-2022,1.96,10,2
Western Europe,2020-2022,2.926,10,4
Southern Europe,2020-2022,1.955,10,1
Western Europe,2020-2022,2.737,10,4
Northern Europe,2020-2022,1.918,10,2
Southern Europe,2020-2022,2.318,10,1
Eastern Europe,2020-2022,1.949,10,3
Southern Europe,2020-2022,2.489,10,1
Northern Europe,2020-2022,2.11,10,2
Western Europe,2020-2022,2.798,10,4
Eastern Europe,2020-2022,1.931,10,3
Northern Europe,2020-2022,1.911,10,2
